article1,article2,similarity
003.txt,210.txt,1.0000000000000002
087.txt,088.txt,1.0000000000000002
163.txt,164.txt,1.0
158.txt,161.txt,1.0
018.txt,027.txt,0.9988937535649935
189.txt,205.txt,0.9149726863275368
002.txt,262.txt,0.7270288552533682
132.txt,138.txt,0.6406124982174809
018.txt,024.txt,0.6225766129806592
024.txt,027.txt,0.6218300367058076
